<?xml version="1.0" encoding="UTF-8"?>
<imager xmlns:xsi="http://www.w3.org/2001/XMLSchema-instance" xmlns:xsd="http://www.w3.org/2001/XMLSchema">
  <serial>0</serial>                     <!-- Provide serial number, if you attach more than one camera -->
  <videoformatindex>0</videoformatindex> <!-- index of the used video format (USB enpoint) -->
  <formatspath>.\</formatspath>
  <!--calipath>calibration_files</calipath -->
  <!-- Uncomment the following lines to specify user-defined parameters for the desired optic
       and temperature range. Be aware to specify meaningful parameters.
       See documentation for further information: http://evocortex.com/libirimager2/html/index.html
       By default, the first available optic and the first meaningful temperature range are selected.
  -->
  <!--
  <fov>0</fov>
  <temperature>
    <min>-20</min>
    <max>100</max>
  </temperature>
  <optics_text></optics_text>
  -->
  <framerate>20.0</framerate>             <!-- scaled down frame rate, must be less or equal than camera frame rate -->
  <bispectral>0</bispectral>              <!-- 0=only thermal sensor, 1=bispectral technology (only PI200/PI230) -->
  <average>0</average>                    <!-- average callback frames over intermediate frames -->
  <autoflag>
    <enable>1</enable>
    <mininterval>15.0</mininterval>
    <maxinterval>0.0</maxinterval>
  </autoflag>
  <tchipmode>0</tchipmode>                <!-- 0=Floating (default), 1=Auto, 2=Fixed value -->
  <tchipfixedvalue>40.0</tchipfixedvalue> <!-- Fixed value for tchipmode=2 -->
  <focus>56</focus> <!-- position of focus motor in % of range [0; 100] -->
  <enable_extended_temp_range>0</enable_extended_temp_range> <!-- 0=Off, 1=On; Caution! Enables invalid extended temp range-->
  <buffer_queue_size>5</buffer_queue_size> <!-- internal buffer queue size -->
  <enable_high_precision>0</enable_high_precision> <!-- 0=Off, 1=On; Enables temperatures with more than 1 decimal places. Depends on used camera(IRImager::getTemprangeDecimal()).-->
</imager>
